days_since_listing,median,p25,p75,count
0,-5.7675,-18.8863,6.4349,51
1,-0.3309,-20.3430,23.6502,51
2,-8.5867,-27.8580,25.8923,51
3,-10.6552,-29.0562,24.5282,51
4,-13.6724,-33.3645,22.6541,51
5,-14.0533,-32.4293,24.0676,51
6,-4.0601,-34.9874,28.3699,51
7,-16.4385,-40.5258,31.4841,51
8,-24.9701,-43.1134,27.8040,51
9,-22.5020,-44.8180,29.8555,51
10,-28.2930,-47.9686,25.9471,51
11,-29.3542,-48.2333,22.9168,51
12,-29.4308,-47.8114,20.7480,51
13,-29.0690,-51.4846,32.1656,51
14,-27.0293,-53.5680,21.6757,51
15,-29.4163,-56.3955,18.4254,51
16,-35.1519,-56.0317,18.8672,51
17,-36.5593,-55.3221,24.7975,51
18,-36.3640,-56.9218,21.8554,51
19,-34.7259,-54.8618,23.5541,51
20,-37.6175,-54.2882,23.6170,51
21,-39.0061,-57.9497,17.5166,51
22,-42.4669,-57.3532,14.6778,51
23,-45.2534,-57.2055,18.1174,51
24,-47.0210,-58.1303,22.5523,51
25,-45.4725,-58.6324,28.5152,51
26,-43.3137,-59.9412,21.8848,51
27,-42.2152,-62.5171,17.7511,51
28,-43.4859,-61.9547,17.5973,51
29,-43.3098,-61.6434,18.5676,51
30,-43.6924,-62.1226,17.0941,51
31,-43.3245,-67.0050,13.6958,51
32,-43.2087,-66.4675,18.7067,51
33,-47.3607,-70.6465,21.2328,51
34,-51.1411,-71.5223,15.5876,51
35,-50.5169,-74.3662,15.2505,51
36,-49.0346,-73.4838,15.3017,51
37,-53.0121,-73.4690,18.0211,51
38,-51.4623,-73.4720,23.3750,50
39,-52.5586,-73.3296,24.6432,50
40,-49.2653,-73.6746,17.9772,50
41,-47.9181,-72.3210,16.6759,50
42,-48.5318,-72.8361,17.1010,50
43,-52.0261,-73.4373,15.8625,50
44,-52.8979,-73.2329,8.2952,50
45,-47.3820,-74.1176,7.1705,50
46,-49.1275,-76.4103,7.2016,50
47,-48.4965,-78.2594,10.2644,50
48,-48.3739,-79.0824,6.4429,50
49,-44.1249,-77.7017,4.7632,49
50,-40.0876,-77.4607,-2.1089,49
51,-47.5943,-75.0699,0.4455,49
52,-50.7382,-75.9086,8.7684,49
53,-48.8367,-76.7983,8.3956,49
54,-45.5597,-75.0988,5.2541,49
55,-42.6083,-75.2627,1.9739,49
56,-39.7934,-74.9070,-5.7094,48
57,-40.0586,-74.9656,0.5553,48
58,-41.3635,-75.3073,1.4760,48
59,-43.7824,-75.4916,-0.3504,48
60,-44.8171,-75.1099,-1.5420,48
61,-45.1633,-74.6770,-2.1814,48
62,-45.6212,-75.2775,6.1548,48
63,-46.2896,-75.2475,-0.1428,48
64,-43.4256,-75.4268,1.1912,48
65,-46.9539,-76.0774,0.2017,48
66,-46.1566,-76.1317,-5.6477,48
67,-47.3276,-76.3024,-6.6561,48
68,-46.5789,-76.4694,-8.4842,48
69,-49.5028,-76.6516,-8.0575,48
70,-52.3370,-77.0105,-12.9667,48
71,-52.6138,-77.2312,-12.1214,48
72,-53.3207,-76.8022,-9.4145,48
73,-54.8808,-76.6711,-4.3789,48
74,-52.3105,-77.2117,-4.1465,48
75,-53.5625,-78.2513,-7.1535,48
76,-55.6259,-78.6018,-3.2800,48
77,-53.2767,-78.9585,-6.6025,48
78,-53.5541,-77.0343,-8.1728,48
79,-51.3964,-78.5914,-4.6211,48
80,-53.0784,-79.1001,-9.6382,48
81,-51.0611,-80.0772,-9.5597,48
82,-50.0130,-80.7044,-7.5754,48
83,-52.4853,-79.6900,-6.7705,48
84,-49.5783,-79.9970,-5.2161,47
85,-45.5338,-79.7796,-5.6741,47
86,-48.9570,-78.3561,-10.2365,47
87,-44.2969,-77.5459,-7.4862,47
88,-43.9875,-77.7523,-4.3551,47
89,-47.5250,-77.7145,2.5358,47
90,-54.4660,-77.5105,-5.3479,46
91,-55.6135,-77.1515,-4.4041,46
92,-53.4526,-79.6908,-12.2386,46
93,-51.5532,-77.1446,-9.7047,46
94,-50.8455,-77.8398,-0.0395,46
95,-53.8171,-78.6249,-0.3068,46
96,-53.3917,-78.9961,-1.5812,46
97,-53.3213,-78.6887,-7.1447,46
98,-53.3326,-79.1598,-12.6728,46
99,-58.4171,-79.8709,-6.1186,45
100,-57.8743,-79.7373,-6.4749,45
101,-57.9604,-79.8973,-3.4474,45
102,-57.0183,-80.2145,-3.3191,45
103,-54.9115,-80.9312,-8.9364,45
104,-53.6822,-80.8785,-8.0962,45
105,-57.0792,-80.4495,-11.1500,45
106,-56.1832,-81.1469,-6.5881,45
107,-59.1733,-81.5403,-8.3776,45
108,-59.3168,-80.9860,-11.9889,45
109,-55.9554,-81.5141,-14.0781,45
110,-57.9109,-82.2733,-11.4397,45
111,-57.4661,-79.9886,-10.5076,44
112,-57.6221,-80.4658,-12.5151,44
113,-53.3778,-79.8645,-14.4625,43
114,-55.8824,-79.7072,-11.3141,43
115,-55.6282,-80.0726,-12.4917,43
116,-55.1873,-79.9488,-16.2133,43
117,-52.5658,-80.4457,-17.0466,43
118,-57.6304,-80.0556,-12.1015,43
119,-50.9235,-77.1872,-12.7187,42
120,-49.5195,-76.9440,-14.1108,42
121,-50.9706,-76.2638,-14.9282,42
122,-54.9080,-76.7921,-14.6553,42
123,-55.3227,-77.3375,-11.1951,42
124,-53.7558,-76.8629,-8.5577,41
125,-54.2079,-76.9318,-12.2376,41
126,-52.7162,-76.6229,-11.4666,41
127,-53.4175,-77.0833,-12.7610,41
128,-54.5561,-77.1852,-10.3534,41
129,-58.4645,-77.1938,-0.5969,41
130,-58.8896,-77.7909,-9.0909,41
131,-57.4274,-77.9969,-11.9493,41
132,-56.4884,-77.2951,-17.6654,40
133,-51.6780,-78.0467,-15.5790,40
134,-51.8545,-79.1457,-9.9072,38
135,-53.6256,-80.2241,-7.6088,38
136,-53.0350,-80.1298,-8.9960,38
137,-51.9614,-79.3606,-8.7579,38
138,-56.4210,-79.7074,-11.5766,38
139,-55.9881,-80.1401,-11.8121,38
140,-54.9152,-80.1275,-12.3356,38
141,-55.3486,-78.9254,-10.2693,38
142,-55.7681,-80.8242,-25.5619,36
143,-56.9710,-80.0680,-27.9167,36
144,-56.0205,-80.4836,-28.6098,36
145,-55.0347,-81.8725,-28.1670,36
146,-57.1841,-80.2706,-29.5471,36
147,-57.5961,-81.1715,-27.3881,36
148,-57.4207,-83.6522,-25.4609,36
149,-59.7929,-85.3460,-26.2945,36
150,-59.1280,-82.3814,-18.5029,35
151,-56.9687,-82.7467,-0.0473,35
152,-51.8929,-82.9817,-5.3530,35
153,-56.1953,-84.2169,-3.6743,34
154,-59.3328,-85.1270,-10.6508,34
155,-61.2142,-84.4062,-10.7071,34
156,-63.8509,-84.3915,-9.1018,34
157,-62.7749,-84.6126,-10.9163,34
158,-61.2101,-83.2197,-11.2820,34
159,-56.0900,-84.7006,-8.3657,33
160,-59.4563,-85.7888,-12.2655,32
161,-62.2688,-87.4186,-13.3298,31
162,-59.7940,-87.5684,-9.1659,31
163,-60.2383,-86.7328,-11.7044,31
164,-59.0638,-86.7891,-18.3322,31
165,-58.3559,-87.2725,-17.3843,30
166,-59.8717,-87.1912,-17.2515,30
167,-58.3985,-87.3533,-21.7452,30
168,-57.0551,-86.2943,-20.8348,30
169,-57.9449,-86.5975,-16.6072,30
170,-59.9313,-87.1611,-18.0440,30
171,-60.9220,-87.2375,-23.3486,30
172,-61.1633,-87.2766,-23.9877,30
173,-60.6350,-86.5005,-22.3127,30
174,-60.4317,-86.3777,-18.5174,30
175,-57.1060,-86.6140,-21.1722,30
176,-56.4029,-86.1238,-23.8819,30
177,-59.4915,-86.6878,-25.2015,29
178,-56.7825,-86.4579,-28.8459,29
179,-59.1584,-86.6246,-23.6090,29
180,-59.4607,-84.4140,-25.6012,29
181,-59.4459,-85.7239,-20.7376,29
182,-61.2556,-85.9916,-27.4744,29
183,-61.6874,-86.4882,-32.4549,29
184,-61.3826,-86.9678,-28.4668,29
185,-52.8443,-87.5915,-31.3146,29
186,-52.1608,-87.7998,-32.8159,29
187,-53.4398,-85.1362,-35.6621,29
188,-59.7754,-86.2433,-40.4476,29
189,-62.8857,-85.1322,-43.2370,29
190,-65.5979,-85.3996,-40.4281,29
191,-61.8391,-85.1502,-42.3950,29
192,-57.7050,-84.6615,-39.1731,29
193,-59.5055,-84.7152,-39.8814,29
194,-61.4125,-85.2424,-41.2284,29
195,-60.3088,-85.6634,-46.5670,29
196,-61.5625,-84.8080,-44.4517,29
197,-62.2300,-85.0457,-43.5507,29
198,-63.7963,-84.8841,-41.8506,29
199,-62.4225,-84.5660,-44.4264,29
200,-64.1891,-84.1590,-44.4979,29
201,-65.5597,-83.2170,-35.9047,29
202,-65.4280,-84.1071,-35.5816,29
203,-66.4154,-83.8412,-44.9430,28
204,-67.9861,-83.9811,-44.9181,28
205,-67.8924,-83.8411,-46.4418,28
206,-66.0368,-83.6792,-46.5100,28
207,-66.4887,-83.7799,-44.9215,28
208,-64.8886,-83.7937,-45.2276,28
209,-65.3226,-84.5628,-43.9674,28
210,-64.0596,-84.2530,-43.5062,28
211,-65.4219,-84.3341,-44.2729,28
212,-66.8595,-84.1254,-44.5898,28
213,-67.9030,-85.6172,-46.7225,28
214,-66.8441,-86.9478,-45.7527,28
215,-66.1237,-86.9296,-47.5303,28
216,-64.1384,-87.5136,-46.0074,28
217,-63.5328,-87.2811,-47.0918,28
218,-63.0223,-87.2865,-46.5209,28
219,-64.0905,-86.5064,-46.5807,28
220,-66.2846,-85.9665,-47.7194,28
221,-68.4772,-85.8350,-47.0974,28
222,-67.7667,-86.0164,-50.1399,28
223,-68.2905,-87.3662,-51.5417,28
224,-67.3289,-87.5990,-48.2103,28
225,-68.4284,-87.4340,-46.1837,28
226,-68.7799,-84.7369,-46.2483,28
227,-69.1644,-84.9623,-47.7456,28
228,-71.3560,-85.7026,-44.6684,28
229,-71.6404,-86.4536,-46.7916,28
230,-72.6273,-86.3835,-41.2778,28
231,-72.1093,-86.4153,-43.0324,28
232,-70.7358,-86.1811,-42.3391,28
233,-70.6815,-86.7173,-43.6958,27
234,-72.7178,-86.7111,-46.7419,27
235,-72.2640,-87.1280,-46.6110,27
236,-73.6238,-86.7639,-47.3331,27
237,-71.8561,-86.8441,-47.8407,27
238,-72.8223,-87.1194,-46.2394,27
239,-73.0050,-87.1838,-48.3720,27
240,-73.8293,-87.5024,-46.9066,27
241,-74.1106,-87.3915,-46.2173,27
242,-73.7657,-88.0973,-45.3205,27
243,-74.2558,-88.5546,-48.7340,27
244,-76.4158,-88.4862,-50.0762,27
245,-76.5182,-88.7193,-49.9290,27
246,-77.5202,-88.9634,-48.5524,26
247,-77.8095,-88.2867,-48.6040,26
248,-76.1743,-88.4771,-49.4214,26
249,-75.9694,-88.6782,-46.7926,26
250,-77.0214,-88.9616,-48.5440,26
251,-77.4047,-89.0390,-49.0610,26
252,-77.6881,-89.2536,-48.5449,26
253,-76.3761,-88.2676,-50.0646,26
254,-76.1211,-88.4112,-52.1492,26
255,-76.7665,-89.0801,-52.1043,26
256,-77.0121,-89.7827,-52.8888,26
257,-77.6480,-89.4849,-52.1706,26
258,-76.5777,-88.7991,-52.1573,26
259,-76.0852,-89.5289,-50.8339,25
260,-76.1056,-90.4524,-48.8190,25
261,-76.7074,-90.5426,-53.2763,25
262,-77.0769,-90.5436,-53.4101,25
263,-76.9203,-91.9697,-51.5858,25
264,-77.3860,-91.9796,-44.1814,25
265,-78.6515,-92.3039,-45.7194,24
266,-79.2858,-92.7278,-43.8745,24
267,-79.5176,-92.6188,-55.5616,23
268,-79.1185,-92.7094,-55.7528,23
269,-79.3577,-92.6960,-55.4564,23
270,-82.1146,-92.3398,-54.9779,23
271,-81.5096,-91.3430,-57.3986,23
272,-82.8026,-91.6748,-59.3407,23
273,-82.9703,-90.8125,-60.4260,23
274,-81.8731,-91.5201,-59.5025,23
275,-81.5943,-91.7590,-60.3202,23
276,-81.1884,-91.8959,-58.4542,23
277,-80.8892,-90.7197,-57.0512,23
278,-82.3673,-91.4489,-56.0775,23
279,-82.1690,-91.5160,-57.0795,23
280,-83.1790,-91.5620,-55.0344,23
281,-84.4534,-93.1200,-63.7058,22
282,-84.4492,-93.8232,-75.3846,21
283,-84.7682,-93.6372,-74.0948,21
284,-85.5776,-93.2390,-72.2915,21
285,-85.7096,-93.8303,-75.0082,21
286,-86.1920,-93.6624,-74.1676,21
287,-86.4808,-93.8956,-74.2857,21
288,-86.3940,-94.1864,-72.1337,20
289,-88.6008,-94.6510,-70.7929,19
290,-87.4191,-94.1776,-69.2479,19
291,-87.4142,-94.3338,-67.2679,19
292,-86.8383,-94.9764,-67.0469,19
293,-87.6132,-95.2905,-76.9073,18
294,-88.3088,-94.9450,-76.9278,18
295,-88.6024,-94.7844,-76.4887,18
296,-88.7433,-94.6177,-76.2969,18
297,-88.9823,-94.7455,-76.3106,18
298,-89.7383,-95.0189,-76.3138,18
299,-89.3667,-95.1531,-79.4942,17
300,-89.3528,-94.9921,-79.3739,17
301,-89.9372,-95.0361,-78.9104,17
302,-89.9538,-94.9228,-79.4994,17
303,-90.0575,-94.7552,-79.5522,17
304,-90.4681,-94.3758,-79.9390,17
305,-90.5010,-95.0770,-79.7928,17
306,-90.6121,-95.2786,-80.7914,17
307,-90.8063,-95.5882,-81.2207,17
308,-90.6455,-95.4023,-84.5668,16
309,-90.8174,-94.8287,-85.5983,16
310,-90.2837,-94.0668,-85.1900,15
311,-89.7946,-94.4921,-83.4126,14
312,-90.5419,-94.7266,-83.0437,14
313,-90.5228,-95.0263,-83.5515,14
314,-91.0603,-94.8389,-83.8391,14
315,-90.7665,-94.7391,-83.8788,14
316,-90.8556,-94.9831,-83.6146,14
317,-90.8571,-95.1944,-81.9372,14
318,-90.9545,-95.4654,-82.9687,14
319,-90.6227,-95.2868,-83.7108,14
320,-90.7838,-95.3651,-83.7879,14
321,-90.9736,-95.4018,-83.4950,14
322,-91.0605,-95.6000,-83.3804,14
323,-91.2360,-95.4474,-83.9517,14
324,-91.1794,-95.2351,-83.6293,14
325,-91.3463,-95.4900,-83.3524,14
326,-91.5834,-95.4042,-82.9251,14
327,-91.2132,-95.4222,-82.8735,14
328,-91.4932,-95.6633,-82.9673,14
329,-91.5732,-95.2101,-82.8654,14
330,-91.7799,-95.2723,-83.8828,14
331,-91.9578,-95.1567,-83.8475,14
332,-91.6777,-94.5677,-84.2113,14
333,-91.4055,-94.5406,-83.6723,14
334,-91.4032,-94.5688,-84.1540,14
335,-91.2851,-94.0397,-83.6923,14
336,-91.4568,-94.3192,-83.2290,14
337,-91.2451,-94.1323,-82.9386,14
338,-91.3257,-94.2799,-83.7756,14
339,-90.9493,-94.5160,-83.9828,14
340,-91.1133,-94.6900,-84.1680,14
341,-91.1089,-94.6467,-85.1265,14
342,-90.7416,-94.7692,-85.6122,14
343,-91.0793,-95.3330,-87.5809,13
344,-90.9095,-95.5434,-88.1188,13
345,-90.3917,-95.4926,-88.0825,13
346,-90.3061,-95.7697,-87.9026,13
347,-89.3845,-95.4868,-86.9256,13
348,-90.0160,-95.2197,-85.6724,13
349,-90.2775,-95.7128,-85.9464,13
350,-90.3091,-95.9570,-87.1790,12
351,-90.4706,-95.9417,-87.0005,12
352,-91.7919,-95.5792,-88.2860,11
353,-92.6736,-95.7701,-87.8702,11
354,-90.8816,-95.3901,-87.8914,10
355,-90.8338,-95.4230,-87.8147,10
356,-91.0836,-95.4580,-87.8653,10
357,-89.9170,-95.5649,-88.1464,9
358,-89.8393,-95.8970,-86.7368,9
359,-89.8382,-95.8637,-87.4587,9
360,-90.5272,-96.0507,-87.4983,9
361,-90.7786,-95.8348,-87.3152,9
362,-91.3041,-95.6254,-87.7112,9
363,-90.7999,-95.4286,-88.7789,9
364,-90.5743,-94.8167,-89.7267,9
365,-90.5596,-94.8599,-89.4142,9
366,-92.1597,-94.8745,-89.7902,8
367,-92.2069,-94.7452,-90.0798,8
368,-92.1565,-94.8394,-90.0220,8
369,-92.7731,-94.7174,-90.2647,8
370,-92.7303,-95.0047,-90.2390,8
371,-94.6388,-95.2227,-89.9066,7
372,-94.6989,-95.3846,-89.9726,7
373,-94.9435,-95.3620,-92.1114,6
374,-94.8818,-94.9991,-91.7612,5
375,-94.5019,-94.8236,-91.5629,5
376,-94.5872,-95.2927,-93.7772,4
377,-94.8849,-95.5385,-94.0313,4
378,-95.3440,-96.4162,-94.8367,3
379,-95.1197,-96.3839,-94.8474,3
380,-95.3932,-96.5708,-94.8945,3
381,-95.2369,-96.5463,-94.7520,3
382,-95.7156,-96.8944,-95.0858,3
383,-95.9321,-97.0471,-95.1142,3
384,-95.7803,-96.9288,-94.8618,3
385,-95.9724,-97.0502,-95.0256,3
386,-96.0135,-97.0919,-94.9492,3
387,-96.3305,-97.2663,-95.4973,3
388,-96.6704,-97.5070,-95.6416,3
389,-96.6192,-97.4670,-95.5809,3
390,-96.4452,-97.3326,-95.5696,3
391,-97.2568,-97.7602,-96.7535,2
